start_time,end_time,duration_sec,alert_types
2026-09-14 01:17:26,2026-09-14 01:17:27,0.7,Ngáp
2026-09-14 01:17:36,2026-09-14 01:17:41,5.2,Gật gù
2026-09-14 01:17:55,2026-09-14 01:17:57,1.5,Mắt nhắm
2026-09-14 01:18:34,2026-09-14 01:18:39,4.6,Gật gù
2026-09-14 01:28:09,2026-09-14 01:28:12,3.2,Mắt nhắm
2026-09-14 01:28:17,2026-09-14 01:28:19,2.6,Ngáp
2026-09-14 01:28:22,2026-09-14 01:28:23,1.0,Mắt nhắm + Ngáp
2026-09-14 01:28:35,2026-09-14 01:28:39,4.5,Gật gù
2026-09-14 01:28:46,2026-09-14 01:28:47,1.0,Mắt nhắm
2026-09-14 13:35:09,2026-09-14 13:35:10,0.2,Ngáp
2026-09-14 13:35:40,2026-09-14 13:35:40,0.9,Mắt nhắm
2026-09-14 13:46:30,2026-09-14 13:46:31,0.1,Mắt nhắm
2026-09-14 13:46:39,2026-09-14 13:46:41,1.4,Mắt nhắm
2026-09-14 13:47:02,2026-09-14 13:47:04,1.7,Mắt nhắm
2026-09-14 13:47:19,2026-09-14 13:47:20,1.5,Gật gù
2026-09-14 19:43:08,2026-09-14 19:43:09,1.1,Mắt nhắm
2026-09-14 19:43:14,2026-09-14 19:43:15,1.2,Mắt nhắm
2026-09-14 19:43:25,2026-09-14 19:43:26,1.8,Mắt nhắm
2026-09-14 19:43:34,2026-09-14 19:43:35,1.2,Mắt nhắm
2026-09-14 19:43:40,2026-09-14 19:43:41,1.2,Mắt nhắm
2026-09-14 19:43:44,2026-09-14 19:43:45,0.4,Ngáp
2026-09-14 19:43:50,2026-09-14 19:43:52,1.5,Gật gù
2026-09-14 19:44:00,2026-09-14 19:44:01,1.5,Gật gù
2026-09-14 19:44:07,2026-09-14 19:44:08,0.9,Mắt nhắm
2026-09-14 19:44:11,2026-09-14 19:44:13,2.1,Mắt nhắm
2026-09-14 19:44:32,2026-09-14 19:44:33,0.5,Mắt nhắm
2026-09-14 19:44:39,2026-09-14 19:44:40,1.1,Cúi sâu
2026-09-14 19:44:46,2026-09-14 19:44:47,1.1,Cúi sâu
2026-09-14 19:44:52,2026-09-14 19:44:53,0.5,Mắt nhắm
2026-09-14 19:45:03,2026-09-14 19:45:05,1.5,Gật gù
2026-09-14 19:45:06,2026-09-14 19:45:08,1.5,Mắt nhắm
2026-09-14 19:45:12,2026-09-14 19:45:13,1.3,Mắt nhắm
2026-09-14 19:45:17,2026-09-14 19:45:18,1.3,Mắt nhắm
2026-09-14 19:45:23,2026-09-14 19:45:23,0.8,Ngáp
2026-09-14 19:45:31,2026-09-14 19:45:34,2.3,Cúi sâu
2026-09-14 19:46:10,2026-09-14 19:46:11,0.4,Gật gù
2026-09-14 19:46:11,2026-09-14 19:46:12,1.1,Gật gù
2026-09-14 19:46:47,2026-09-14 19:46:48,1.2,Mắt nhắm
2026-09-14 19:46:56,2026-09-14 19:46:57,1.4,Mắt nhắm
2026-09-14 19:47:28,2026-09-14 19:47:29,1.1,Cúi sâu
2026-09-14 20:11:17,2026-09-14 20:11:18,0.8,Mắt nhắm
2026-09-14 20:11:42,2026-09-14 20:11:43,1.1,Mắt nhắm
2026-09-14 20:11:51,2026-09-14 20:11:52,0.7,Cúi sâu
2026-09-14 20:12:07,2026-09-14 20:12:08,0.8,Mắt nhắm
2026-09-14 20:12:20,2026-09-14 20:12:21,1.1,Mắt nhắm
2026-09-14 20:12:54,2026-09-14 20:12:54,0.5,Mắt nhắm
2026-09-14 20:12:59,2026-09-14 20:13:00,1.0,Mắt nhắm
2026-09-14 20:13:06,2026-09-14 20:13:08,1.3,Mắt nhắm
2026-09-14 20:13:13,2026-09-14 20:13:14,1.1,Mắt nhắm
2026-09-14 20:13:14,2026-09-14 20:13:15,1.5,Gật gù
2026-09-14 20:13:25,2026-09-14 20:13:26,1.5,Gật gù
2026-09-14 20:13:33,2026-09-14 20:13:34,1.2,Mắt nhắm
2026-09-14 20:13:51,2026-09-14 20:13:52,1.3,Mắt nhắm
2026-09-14 20:13:57,2026-09-14 20:13:58,1.1,Mắt nhắm
2026-09-14 20:14:10,2026-09-14 20:14:11,1.4,Mắt nhắm
2026-09-14 20:14:16,2026-09-14 20:14:17,1.2,Mắt nhắm
2026-09-14 20:14:31,2026-09-14 20:14:32,1.1,Mắt nhắm
2026-09-14 20:15:01,2026-09-14 20:15:01,0.2,Mắt nhắm
2026-09-14 20:15:18,2026-09-14 20:15:18,0.6,Mắt nhắm
2026-09-14 20:16:18,2026-09-14 20:16:19,1.3,Mắt nhắm
2026-09-14 20:16:24,2026-09-14 20:16:25,1.1,Mắt nhắm
2026-09-14 20:16:40,2026-09-14 20:16:42,1.9,Mắt nhắm
2026-09-14 20:16:51,2026-09-14 20:16:52,1.2,Mắt nhắm
2026-09-14 20:16:57,2026-09-14 20:16:58,1.0,Cúi sâu
2026-09-14 20:17:02,2026-09-14 20:17:02,0.2,Gật gù
2026-09-14 20:17:02,2026-09-14 20:17:02,0.2,Gật gù
2026-09-14 20:17:02,2026-09-14 20:17:02,0.2,Gật gù
2026-09-14 20:17:02,2026-09-14 20:17:03,0.2,Gật gù
2026-09-14 20:17:03,2026-09-14 20:17:03,0.6,Gật gù
2026-09-14 20:17:11,2026-09-14 20:17:11,0.2,Gật gù
2026-09-14 20:17:12,2026-09-14 20:17:12,0.2,Gật gù
2026-09-14 20:17:12,2026-09-14 20:17:12,0.2,Gật gù
2026-09-14 20:17:12,2026-09-14 20:17:12,0.5,Gật gù
2026-09-14 20:17:12,2026-09-14 20:17:13,0.2,Gật gù
2026-09-14 20:17:13,2026-09-14 20:17:13,0.2,Gật gù
2026-09-14 20:18:17,2026-09-14 20:18:18,0.8,Ngáp
2026-09-14 20:18:29,2026-09-14 20:18:31,1.6,Gật gù
2026-09-14 20:18:48,2026-09-14 20:18:48,0.9,Ngáp
2026-09-14 20:18:54,2026-09-14 20:18:55,0.6,Ngáp
2026-09-14 20:18:58,2026-09-14 20:18:59,0.5,Ngáp
2026-09-14 20:19:15,2026-09-14 20:19:16,0.5,Ngáp
2026-09-14 20:19:25,2026-09-14 20:19:26,1.3,Mắt nhắm
2026-09-14 20:19:33,2026-09-14 20:19:33,0.6,Ngáp
2026-09-14 20:19:59,2026-09-14 20:20:00,0.6,Ngáp
2026-09-14 20:50:06,2026-09-14 20:50:07,0.9,Mắt nhắm
2026-09-14 20:50:13,2026-09-14 20:50:16,3.1,Mắt nhắm
2026-09-14 20:50:24,2026-09-14 20:50:25,1.1,Mắt nhắm
2026-09-14 21:06:22,2026-09-14 21:06:23,1.0,Mắt nhắm
2026-09-14 21:06:30,2026-09-14 21:06:32,2.5,Mắt nhắm
2026-09-14 21:06:43,2026-09-14 21:06:44,1.3,Mắt nhắm
2026-09-14 21:07:03,2026-09-14 21:07:05,1.5,Gật gù
2026-09-14 21:09:20,2026-09-14 21:09:20,0.2,Mắt nhắm
2026-09-14 21:09:25,2026-09-14 21:09:30,4.9,Mắt nhắm
2026-09-14 21:09:40,2026-09-14 21:09:42,2.2,Mắt nhắm
2026-09-14 21:10:01,2026-09-14 21:10:04,2.7,Cúi sâu
2026-09-14 21:10:13,2026-09-14 21:10:15,2.2,Ngáp
2026-09-14 21:17:55,2026-09-14 21:17:56,1.5,Mắt nhắm
2026-09-14 21:18:01,2026-09-14 21:18:03,1.1,Mắt nhắm
2026-09-14 21:18:08,2026-09-14 21:18:08,0.1,Mắt nhắm
2026-09-14 21:18:13,2026-09-14 21:18:15,1.9,Mắt nhắm
2026-09-14 21:18:20,2026-09-14 21:18:22,1.5,Gật gù
2026-09-14 21:26:57,2026-09-14 21:26:59,1.7,Mắt nhắm
2026-09-14 21:27:09,2026-09-14 21:27:10,1.6,Mắt nhắm
2026-09-14 21:29:27,2026-09-14 21:29:29,1.5,Mắt nhắm
2026-09-14 22:10:59,2026-09-14 22:11:01,1.8,Mắt nhắm
2026-09-14 22:11:09,2026-09-14 22:11:10,1.0,Ngáp
2026-09-14 22:11:15,2026-09-14 22:11:17,1.7,Mắt nhắm
2026-09-14 22:11:39,2026-09-14 22:11:40,1.5,Gật gù
2026-09-15 00:07:14,2026-09-15 00:07:15,0.4,Mắt nhắm
2026-09-15 00:07:24,2026-09-15 00:07:25,1.0,Mắt nhắm
2026-09-15 00:18:18,2026-09-15 00:18:20,2.0,Mắt nhắm
2026-09-15 00:18:36,2026-09-15 00:18:37,0.9,Mắt nhắm
2026-09-15 00:18:40,2026-09-15 00:18:41,1.1,Mắt nhắm
2026-09-15 00:18:44,2026-09-15 00:18:46,1.1,Mắt nhắm
2026-09-15 00:19:11,2026-09-15 00:19:13,1.3,Mắt nhắm
2026-09-15 00:19:22,2026-09-15 00:19:23,1.1,Gật gù
2026-09-15 00:25:34,2026-09-15 00:25:35,1.3,Mắt nhắm
2026-09-15 00:25:38,2026-09-15 00:25:39,1.0,Mắt nhắm
2026-09-15 00:25:56,2026-09-15 00:25:56,0.2,Mắt nhắm
2026-09-15 00:26:01,2026-09-15 00:26:02,1.2,Mắt nhắm
2026-09-15 00:26:19,2026-09-15 00:26:20,0.6,Mắt nhắm
2026-09-15 00:43:02,2026-09-15 00:43:04,1.6,Mắt nhắm
2026-09-15 00:43:23,2026-09-15 00:43:24,1.0,Mắt nhắm
2026-09-15 00:43:36,2026-09-15 00:43:37,1.1,Mắt nhắm
2026-09-15 00:46:35,2026-09-15 00:46:37,1.6,Mắt nhắm
2026-09-15 00:46:40,2026-09-15 00:46:41,1.2,Mắt nhắm
2026-09-15 00:46:44,2026-09-15 00:46:45,1.1,Mắt nhắm
2026-09-15 00:46:48,2026-09-15 00:46:49,1.3,Mắt nhắm
2026-09-15 00:47:16,2026-09-15 00:47:18,1.6,Cúi sâu
2026-09-15 00:47:52,2026-09-15 00:47:53,1.1,Mắt nhắm
2026-09-15 00:48:02,2026-09-15 00:48:03,1.2,Mắt nhắm
2026-09-15 00:48:06,2026-09-15 00:48:07,1.1,Mắt nhắm
2026-09-15 00:48:09,2026-09-15 00:48:10,1.0,Gật gù
2026-09-15 00:48:10,2026-09-15 00:48:11,0.6,Gật gù
2026-09-15 00:48:20,2026-09-15 00:48:20,0.2,Gật gù
2026-09-15 00:48:20,2026-09-15 00:48:20,0.3,Gật gù
2026-09-15 00:48:20,2026-09-15 00:48:21,0.5,Gật gù
2026-09-15 00:48:21,2026-09-15 00:48:21,0.2,Gật gù
2026-09-15 00:48:24,2026-09-15 00:48:24,0.3,Gật gù
2026-09-15 00:48:24,2026-09-15 00:48:24,0.2,Gật gù
2026-09-15 00:48:24,2026-09-15 00:48:25,0.2,Gật gù
2026-09-15 00:48:25,2026-09-15 00:48:25,0.5,Gật gù
2026-09-15 00:48:27,2026-09-15 00:48:28,0.3,Gật gù
2026-09-15 00:48:28,2026-09-15 00:48:28,0.2,Gật gù
2026-09-15 00:48:28,2026-09-15 00:48:29,0.9,Gật gù
2026-09-15 00:48:32,2026-09-15 00:48:32,0.3,Gật gù
2026-09-15 00:48:32,2026-09-15 00:48:32,0.3,Gật gù
2026-09-15 00:48:32,2026-09-15 00:48:33,0.3,Gật gù
2026-09-15 00:48:33,2026-09-15 00:48:33,0.6,Gật gù
2026-09-15 00:54:23,2026-09-15 00:54:25,1.5,Mắt nhắm
2026-09-15 00:54:45,2026-09-15 00:54:46,1.0,Mắt nhắm
2026-09-15 00:54:52,2026-09-15 00:54:53,1.4,Mắt nhắm
2026-09-15 00:55:14,2026-09-15 00:55:16,1.6,Gật gù
2026-09-15 00:55:37,2026-09-15 00:55:38,1.3,Mắt nhắm
2026-09-15 00:55:52,2026-09-15 00:55:53,1.3,Mắt nhắm
2026-09-15 00:56:19,2026-09-15 00:56:20,1.3,Mắt nhắm
2026-09-15 00:56:25,2026-09-15 00:56:27,1.4,Mắt nhắm
2026-09-15 00:56:47,2026-09-15 00:56:48,0.9,Mắt nhắm
2026-09-15 00:57:00,2026-09-15 00:57:01,0.9,Mắt nhắm
2026-09-15 00:57:06,2026-09-15 00:57:08,1.4,Mắt nhắm
2026-09-15 00:57:17,2026-09-15 00:57:19,1.7,Mắt nhắm
2026-09-15 00:57:27,2026-09-15 00:57:28,1.1,Mắt nhắm
2026-09-15 01:05:25,2026-09-15 01:05:27,2.0,Mắt nhắm
2026-09-15 01:05:37,2026-09-15 01:05:39,1.6,Gật gù
2026-09-15 01:05:53,2026-09-15 01:05:55,2.0,Mắt nhắm
2026-09-15 01:06:04,2026-09-15 01:06:05,0.9,Mắt nhắm
2026-09-15 01:06:16,2026-09-15 01:06:16,0.2,Gật gù
2026-09-15 01:06:16,2026-09-15 01:06:17,1.3,Gật gù
2026-09-15 01:06:24,2026-09-15 01:06:24,0.2,Gật gù
2026-09-15 01:06:24,2026-09-15 01:06:25,1.3,Gật gù
2026-09-15 01:06:33,2026-09-15 01:06:34,1.6,Gật gù
2026-09-15 01:06:41,2026-09-15 01:06:43,1.2,Mắt nhắm
2026-09-15 01:06:48,2026-09-15 01:06:49,1.5,Gật gù
2026-09-15 01:06:53,2026-09-15 01:06:55,1.3,Mắt nhắm
2026-09-15 01:06:57,2026-09-15 01:06:58,1.1,Mắt nhắm
2026-09-15 01:07:05,2026-09-15 01:07:07,1.3,Mắt nhắm
2026-09-15 01:07:14,2026-09-15 01:07:15,1.0,Gật gù
2026-09-15 01:07:15,2026-09-15 01:07:15,0.3,Gật gù
2026-09-15 01:07:15,2026-09-15 01:07:15,0.2,Gật gù
2026-09-15 01:07:24,2026-09-15 01:07:24,0.2,Gật gù
2026-09-15 01:07:24,2026-09-15 01:07:24,0.3,Gật gù
2026-09-15 01:07:24,2026-09-15 01:07:24,0.2,Gật gù
2026-09-15 01:07:24,2026-09-15 01:07:25,0.7,Gật gù
2026-09-15 01:20:43,2026-09-15 01:20:44,1.1,Mắt nhắm
2026-09-15 01:21:49,2026-09-15 01:21:49,0.6,Mắt nhắm
2026-09-15 01:21:53,2026-09-15 01:21:54,1.2,Mắt nhắm
2026-09-15 01:22:08,2026-09-15 01:22:09,1.1,Mắt nhắm
2026-09-15 01:22:25,2026-09-15 01:22:26,1.1,Mắt nhắm
2026-09-15 01:23:47,2026-09-15 01:23:47,0.3,Mắt nhắm
2026-09-15 01:23:58,2026-09-15 01:23:59,0.8,Mắt nhắm
2026-09-15 01:24:42,2026-09-15 01:24:43,1.1,Mắt nhắm
2026-09-15 01:24:47,2026-09-15 01:24:48,1.0,Mắt nhắm
2026-09-15 01:24:58,2026-09-15 01:24:59,1.1,Mắt nhắm
2026-09-15 01:25:02,2026-09-15 01:25:03,1.2,Mắt nhắm
2026-09-16 00:10:04,2026-09-16 00:10:06,1.6,Mắt nhắm
2026-09-16 00:18:33,2026-09-16 00:18:33,0.9,Mắt nhắm
2026-09-16 00:26:46,2026-09-16 00:26:47,1.5,Mắt nhắm
2026-09-16 00:26:52,2026-09-16 00:26:54,1.5,Gật gù
2026-09-16 00:26:56,2026-09-16 00:26:57,1.2,Mắt nhắm
2026-09-16 00:27:08,2026-09-16 00:27:09,1.0,Mắt nhắm
2026-09-16 00:27:20,2026-09-16 00:27:22,1.2,Mắt nhắm
2026-09-16 00:31:33,2026-09-16 00:31:33,0.3,Mắt nhắm
2026-09-16 00:31:37,2026-09-16 00:31:38,0.6,Mắt nhắm
2026-09-16 00:31:43,2026-09-16 00:31:46,2.4,Mắt nhắm
2026-09-16 00:31:55,2026-09-16 00:31:56,1.6,Gật gù
2026-09-16 00:39:50,2026-09-16 00:39:51,1.1,Mắt nhắm
2026-09-16 00:39:58,2026-09-16 00:39:59,0.9,Mắt nhắm
2026-09-16 00:58:58,2026-09-16 00:58:59,1.1,Mắt nhắm
2026-09-16 00:59:07,2026-09-16 00:59:08,1.3,Mắt nhắm
2026-09-16 01:04:32,2026-09-16 01:04:34,1.3,Mắt nhắm
2026-09-16 01:11:53,2026-09-16 01:11:54,1.0,Mắt nhắm
2026-09-16 01:15:50,2026-09-16 01:15:51,1.0,Mắt nhắm
2026-09-16 01:15:58,2026-09-16 01:15:59,0.9,Mắt nhắm
2026-09-16 01:16:09,2026-09-16 01:16:11,1.6,Gật gù
2026-09-16 01:24:41,2026-09-16 01:24:42,1.0,Mắt nhắm
2026-09-16 01:29:14,2026-09-16 01:29:15,1.1,Mắt nhắm
2026-09-16 01:30:29,2026-09-16 01:30:30,1.1,Mắt nhắm
2026-09-16 01:30:47,2026-09-16 01:30:49,1.3,Mắt nhắm
2026-09-16 01:36:05,2026-09-16 01:36:05,0.7,Mắt nhắm
2026-09-16 01:36:14,2026-09-16 01:36:16,1.3,Cúi sâu
2026-09-16 01:36:24,2026-09-16 01:36:25,0.9,Mắt nhắm
2026-09-16 01:43:34,2026-09-16 01:43:35,0.3,Ngáp
2026-09-16 01:45:21,2026-09-16 01:45:22,1.0,Mắt nhắm
2026-09-16 01:45:28,2026-09-16 01:45:28,0.7,Mắt nhắm
2026-09-16 01:46:41,2026-09-16 01:46:42,1.1,Mắt nhắm
2026-09-16 01:46:59,2026-09-16 01:47:00,1.0,Ngáp
2026-09-16 01:47:33,2026-09-16 01:47:34,1.5,Mắt nhắm
2026-09-16 01:55:13,2026-09-16 01:55:14,1.1,Mắt nhắm
2026-09-16 02:05:11,2026-09-16 02:05:12,1.0,Mắt nhắm
2026-09-16 02:05:36,2026-09-16 02:05:37,1.2,Mắt nhắm
2026-09-16 02:05:41,2026-09-16 02:05:42,0.6,Mắt nhắm
2026-09-16 02:06:28,2026-09-16 02:06:29,0.7,Gật gù
2026-09-16 02:06:29,2026-09-16 02:06:30,0.9,Gật gù
2026-09-16 02:06:49,2026-09-16 02:06:50,1.1,Mắt nhắm
2026-09-16 02:07:22,2026-09-16 02:07:23,1.1,Mắt nhắm
2026-09-16 02:10:38,2026-09-16 02:10:39,0.7,Mắt nhắm
2026-09-16 02:11:09,2026-09-16 02:11:09,0.3,Mắt nhắm
2026-09-16 02:11:14,2026-09-16 02:11:15,1.3,Mắt nhắm
2026-09-16 02:11:32,2026-09-16 02:11:32,0.4,Mắt nhắm
2026-09-16 02:11:51,2026-09-16 02:11:52,1.5,Gật gù
2026-09-16 02:12:08,2026-09-16 02:12:09,1.3,Mắt nhắm
2026-09-16 02:39:18,2026-09-16 02:39:19,0.2,Mắt nhắm
2026-09-16 02:39:24,2026-09-16 02:39:25,0.9,Gật gù
2026-09-16 02:39:26,2026-09-16 02:39:26,0.3,Gật gù
2026-09-16 02:39:26,2026-09-16 02:39:26,0.2,Gật gù
2026-09-16 02:48:18,2026-09-16 02:48:19,1.1,Mắt nhắm
2026-09-16 02:48:25,2026-09-16 02:48:25,0.4,Mắt nhắm
2026-09-16 02:48:26,2026-09-16 02:48:28,1.6,Gật gù
2026-09-16 02:48:43,2026-09-16 02:48:44,0.7,Mắt nhắm
2026-09-19 20:09:24,2026-09-19 20:09:28,4.2,Mắt nhắm
2026-09-19 20:10:36,2026-09-19 20:10:38,1.7,Mắt nhắm
2026-09-19 20:10:51,2026-09-19 20:10:54,3.2,Mắt nhắm
2026-09-19 20:11:05,2026-09-19 20:11:06,1.6,Ngáp
2026-09-19 20:11:13,2026-09-19 20:11:15,1.6,Cúi sâu
2026-09-19 20:11:22,2026-09-19 20:11:23,1.0,Mắt nhắm
2026-09-19 20:12:51,2026-09-19 20:12:53,2.2,Mắt nhắm
2026-09-19 20:13:03,2026-09-19 20:13:05,2.3,Ngáp
2026-09-19 20:13:15,2026-09-19 20:13:17,1.3,Cúi sâu
2026-09-19 20:13:23,2026-09-19 20:13:25,1.6,Gật gù
2026-09-19 20:13:45,2026-09-19 20:13:48,3.3,Mắt nhắm
2026-09-19 23:11:35,2026-09-19 23:11:35,0.3,Mắt nhắm
2026-09-19 23:12:16,2026-09-19 23:12:16,0.2,Mắt nhắm
2026-09-19 23:13:48,2026-09-19 23:13:49,0.4,Mắt nhắm
2026-09-19 23:13:54,2026-09-19 23:13:58,3.6,Mắt nhắm
2026-09-19 23:15:39,2026-09-19 23:15:42,2.3,Mắt nhắm
2026-09-19 23:37:07,2026-09-19 23:37:08,0.8,Mắt nhắm
2026-09-19 23:38:15,2026-09-19 23:38:17,1.3,Mắt nhắm
2026-09-19 23:38:49,2026-09-19 23:38:54,4.9,Mắt nhắm
2026-09-19 23:39:47,2026-09-19 23:39:49,1.3,Mắt nhắm
2026-09-19 23:45:20,2026-09-19 23:45:21,1.0,Mắt nhắm
2026-09-19 23:45:33,2026-09-19 23:45:33,0.2,Mắt nhắm
2026-09-19 23:45:49,2026-09-19 23:45:50,1.5,Gật gù
2026-09-19 23:46:14,2026-09-19 23:46:16,1.6,Gật gù
2026-09-19 23:50:33,2026-09-19 23:50:39,5.6,Mắt nhắm
2026-09-19 23:51:31,2026-09-19 23:51:36,5.1,Mắt nhắm
2026-09-19 23:51:54,2026-09-19 23:51:55,0.3,Cúi sâu
2026-09-19 23:52:57,2026-09-19 23:53:01,3.8,Mắt nhắm
2026-09-19 23:53:15,2026-09-19 23:53:18,2.4,Mắt nhắm
2026-09-19 23:53:53,2026-09-19 23:53:57,3.5,Mắt nhắm
2026-09-19 23:54:35,2026-09-19 23:54:36,0.5,Mắt nhắm
2026-09-19 23:54:42,2026-09-19 23:54:43,1.3,Mắt nhắm
2026-09-19 23:55:01,2026-09-19 23:55:02,0.4,Mắt nhắm
2026-09-19 23:55:24,2026-09-19 23:55:25,1.0,Mắt nhắm
2026-09-20 00:14:40,2026-09-20 00:14:42,1.7,Mắt nhắm
2026-09-20 00:14:46,2026-09-20 00:14:47,1.8,Mắt nhắm
2026-09-20 00:14:52,2026-09-20 00:14:56,4.4,Mắt nhắm
2026-09-20 00:15:00,2026-09-20 00:15:02,2.5,Mắt nhắm
2026-09-20 00:15:05,2026-09-20 00:15:08,2.2,Mắt nhắm
2026-09-20 00:15:19,2026-09-20 00:15:19,0.6,Mắt nhắm
2026-09-20 00:15:54,2026-09-20 00:15:57,2.9,Mắt nhắm
2026-09-20 00:16:01,2026-09-20 00:16:03,2.3,Mắt nhắm
2026-09-20 00:16:13,2026-09-20 00:16:14,1.7,Mắt nhắm
2026-09-20 00:16:22,2026-09-20 00:16:24,1.9,Cúi sâu
2026-09-20 00:16:31,2026-09-20 00:16:33,1.6,Gật gù
2026-09-20 00:16:51,2026-09-20 00:16:52,1.2,Mắt nhắm
2026-09-20 00:16:59,2026-09-20 00:17:02,3.2,Mắt nhắm
2026-09-20 00:17:09,2026-09-20 00:17:10,1.7,Mắt nhắm
2026-09-20 00:18:01,2026-09-20 00:18:05,4.1,Mắt nhắm
2026-09-20 00:21:01,2026-09-20 00:21:05,3.7,Mắt nhắm
2026-09-20 00:21:23,2026-09-20 00:21:24,1.7,Mắt nhắm
2026-09-20 00:21:29,2026-09-20 00:21:29,0.2,Mắt nhắm
2026-09-20 00:21:52,2026-09-20 00:21:53,1.3,Mắt nhắm
2026-09-20 00:26:31,2026-09-20 00:26:35,4.2,Mắt nhắm
2026-09-20 00:26:50,2026-09-20 00:26:53,2.9,Mắt nhắm
2026-09-20 00:26:59,2026-09-20 00:27:01,1.3,Mắt nhắm
2026-09-20 00:27:18,2026-09-20 00:27:21,3.1,Mắt nhắm
2026-09-20 00:27:29,2026-09-20 00:27:31,2.3,Mắt nhắm
2026-09-20 00:27:39,2026-09-20 00:27:41,1.6,Mắt nhắm
2026-09-20 00:27:46,2026-09-20 00:27:48,1.5,Mắt nhắm
2026-09-20 00:27:53,2026-09-20 00:27:54,1.6,Mắt nhắm
2026-09-20 00:28:25,2026-09-20 00:28:29,3.6,Mắt nhắm
2026-09-20 00:28:41,2026-09-20 00:28:44,2.7,Mắt nhắm
2026-09-20 00:29:28,2026-09-20 00:29:32,3.2,Mắt nhắm
2026-09-20 00:29:43,2026-09-20 00:29:46,2.4,Mắt nhắm
2026-09-20 00:30:18,2026-09-20 00:30:22,3.8,Mắt nhắm
2026-09-20 00:30:28,2026-09-20 00:30:31,3.0,Mắt nhắm
2026-09-20 00:31:56,2026-09-20 00:32:01,4.4,Mắt nhắm
2026-09-20 00:32:57,2026-09-20 00:32:59,2.2,Mắt nhắm
2026-09-20 00:33:34,2026-09-20 00:33:35,0.3,Mắt nhắm
2026-09-20 00:34:21,2026-09-20 00:34:26,4.4,Mắt nhắm
2026-09-20 00:34:55,2026-09-20 00:34:56,1.6,Mắt nhắm
2026-09-20 00:34:59,2026-09-20 00:35:02,2.1,Mắt nhắm
2026-09-20 00:36:03,2026-09-20 00:36:07,4.0,Mắt nhắm
2026-09-20 00:53:28,2026-09-20 00:53:29,0.6,Mắt nhắm
2026-09-20 00:53:32,2026-09-20 00:53:33,1.9,Cúi sâu
2026-09-20 00:53:37,2026-09-20 00:53:39,1.4,Mắt nhắm
2026-09-20 00:53:43,2026-09-20 00:53:45,2.1,Mắt nhắm
2026-09-20 00:54:24,2026-09-20 00:54:28,4.1,Mắt nhắm
2026-09-20 00:55:03,2026-09-20 00:55:07,4.0,Mắt nhắm
2026-09-20 00:55:18,2026-09-20 00:55:21,2.8,Mắt nhắm
2026-09-20 00:55:26,2026-09-20 00:55:28,1.9,Mắt nhắm
2026-09-20 00:55:44,2026-09-20 00:55:47,2.8,Mắt nhắm
2026-09-20 00:55:52,2026-09-20 00:55:53,1.2,Mắt nhắm
2026-09-20 00:55:59,2026-09-20 00:56:01,1.6,Mắt nhắm
2026-09-20 00:56:07,2026-09-20 00:56:09,1.3,Mắt nhắm
2026-09-20 00:56:40,2026-09-20 00:56:43,3.2,Mắt nhắm
2026-09-20 00:57:30,2026-09-20 00:57:32,1.2,Mắt nhắm
2026-09-20 00:57:56,2026-09-20 00:58:00,4.0,Mắt nhắm
2026-09-20 01:05:38,2026-09-20 01:05:39,1.7,Mắt nhắm
2026-09-20 01:06:05,2026-09-20 01:06:09,3.4,Mắt nhắm
2026-09-20 01:06:30,2026-09-20 01:06:31,1.0,Mắt nhắm
2026-09-20 01:06:38,2026-09-20 01:06:41,2.7,Mắt nhắm
2026-09-20 01:07:57,2026-09-20 01:08:00,3.4,Mắt nhắm
2026-09-20 01:09:14,2026-09-20 01:09:15,1.8,Mắt nhắm
2026-09-20 01:09:18,2026-09-20 01:09:18,0.7,Mắt nhắm
2026-09-20 01:10:05,2026-09-20 01:10:07,1.9,Ngáp
2026-09-20 01:10:23,2026-09-20 01:10:23,0.4,Mắt nhắm
2026-09-20 01:12:41,2026-09-20 01:12:42,0.9,Ngáp
2026-09-20 01:12:53,2026-09-20 01:12:53,0.2,Ngáp
2026-09-20 01:13:04,2026-09-20 01:13:05,1.0,Mắt nhắm
2026-09-20 01:13:09,2026-09-20 01:13:09,0.3,Ngáp
2026-09-20 01:13:16,2026-09-20 01:13:17,1.0,Ngáp
2026-09-20 01:13:21,2026-09-20 01:13:21,0.2,Ngáp
2026-09-20 01:13:23,2026-09-20 01:13:24,0.7,Ngáp
2026-09-20 01:13:44,2026-09-20 01:13:46,2.0,Ngáp
2026-09-20 01:16:14,2026-09-20 01:16:15,0.8,Mắt nhắm
2026-09-20 01:16:29,2026-09-20 01:16:30,1.0,Mắt nhắm
2026-09-20 01:16:53,2026-09-20 01:16:55,2.3,Cúi sâu
2026-09-20 01:17:32,2026-09-20 01:17:33,1.7,Cúi sâu
2026-09-20 01:18:44,2026-09-20 01:18:47,3.1,Cúi sâu
2026-09-20 01:22:18,2026-09-20 01:22:20,2.1,Ngáp
2026-09-20 01:22:44,2026-09-20 01:22:45,1.0,Mắt nhắm
2026-09-20 01:23:25,2026-09-20 01:23:26,1.2,Mắt nhắm
2026-09-20 01:24:09,2026-09-20 01:24:12,2.9,Mắt nhắm
2026-09-20 01:25:10,2026-09-20 01:25:11,1.8,Cúi sâu
2026-09-20 01:26:09,2026-09-20 01:26:10,1.0,Mắt nhắm
2026-09-20 01:27:39,2026-09-20 01:27:41,1.7,Ngáp
2026-09-20 01:28:00,2026-09-20 01:28:01,0.4,Mắt nhắm
2026-09-20 01:28:41,2026-09-20 01:28:42,1.0,Mắt nhắm
2026-09-20 01:28:57,2026-09-20 01:29:00,2.6,Mắt nhắm
2026-09-20 01:29:56,2026-09-20 01:29:58,1.8,Cúi sâu
2026-09-20 01:30:07,2026-09-20 01:30:09,1.7,Gật gù
2026-09-20 01:30:41,2026-09-20 01:30:44,2.8,Cúi sâu
2026-09-20 01:32:00,2026-09-20 01:32:02,1.6,Gật gù
2026-09-20 01:32:29,2026-09-20 01:32:30,0.9,Mắt nhắm
2026-09-20 01:32:55,2026-09-20 01:32:57,1.6,Gật gù
2026-09-20 01:33:23,2026-09-20 01:33:25,1.5,Gật gù
2026-09-20 01:34:20,2026-09-20 01:34:21,1.6,Gật gù
2026-09-20 01:34:43,2026-09-20 01:34:44,1.6,Gật gù
2026-09-20 01:34:56,2026-09-20 01:34:57,1.3,Mắt nhắm
2026-09-20 01:35:42,2026-09-20 01:35:44,1.6,Gật gù
2026-09-20 01:37:15,2026-09-20 01:37:16,1.2,Mắt nhắm
2026-09-20 01:37:27,2026-09-20 01:37:28,1.1,Mắt nhắm
2026-09-20 01:39:58,2026-09-20 01:40:02,3.8,Mắt nhắm
2026-09-20 01:42:12,2026-09-20 01:42:13,1.1,Mắt nhắm
2026-09-20 01:42:26,2026-09-20 01:42:28,1.7,Mắt nhắm
2026-09-20 02:00:51,2026-09-20 02:00:51,0.2,Mắt nhắm
2026-09-20 02:05:51,2026-09-20 02:05:53,1.6,Mắt nhắm
2026-09-24 20:05:18,2026-09-24 20:05:20,1.2,Mắt nhắm
